<NotepadPlus>
    <UserLang name="metaf_dark" ext="af" udlVersion="2.1">
        <Settings>
            <Global caseIgnored="no" allowFoldOfComments="no" foldCompact="no" forcePureLC="0" decimalSeparator="0" />
            <Prefix Keywords1="no" Keywords2="no" Keywords3="yes" Keywords4="no" Keywords5="no" Keywords6="no" Keywords7="no" Keywords8="yes" />
        </Settings>
        <KeywordLists>
            <Keywords name="Comments">00~~ 01 02 03 04</Keywords>
            <Keywords name="Numbers, prefix1"></Keywords>
            <Keywords name="Numbers, prefix2"></Keywords>
            <Keywords name="Numbers, extras1"></Keywords>
            <Keywords name="Numbers, extras2"></Keywords>
            <Keywords name="Numbers, suffix1"></Keywords>
            <Keywords name="Numbers, suffix2"></Keywords>
            <Keywords name="Numbers, range"></Keywords>
            <Keywords name="Operators1">!= == &gt;= &lt;= &amp;&amp; || \ ( ) % / * + - # &gt; &lt; ^ | . $ , [ ] { } ;</Keywords>
            <Keywords name="Operators2"></Keywords>
            <Keywords name="Folders in code1, open"></Keywords>
            <Keywords name="Folders in code1, middle"></Keywords>
            <Keywords name="Folders in code1, close"></Keywords>
            <Keywords name="Folders in code2, open"></Keywords>
            <Keywords name="Folders in code2, middle"></Keywords>
            <Keywords name="Folders in code2, close"></Keywords>
            <Keywords name="Folders in comment, open">{</Keywords>
            <Keywords name="Folders in comment, middle"></Keywords>
            <Keywords name="Folders in comment, close">}</Keywords>
            <Keywords name="Keywords1">Never Always All Any ChatMatch MainSlotsLE SecsInStateGE NavEmpty Death VendorOpen VendorClosed ItemCountLE ItemCountGE MobsInDist_Name MobsInDist_Priority NeedToBuff NoMobsInDist BlockE CellE IntoPortal ExitPortal Not PSecsInStateGE SecsOnSpellGE BuPercentGE DistToRteGE Expr ChatCapture</Keywords>
            <Keywords name="Keywords2">None SetState Chat DoAll EmbedNav CallState Return DoExpr ChatExpr SetWatchdog ClearWatchdog GetOpt SetOpt CreateView DestroyView DestroyAllViews</Keywords>
            <Keywords name="Keywords3">testvar getvar setvar touchvar clearallvars clearvar getcharintprop getchardoubleprop getcharquadprop getcharboolprop getcharstringprop getcharvital_base getcharvital_current getcharvital_buffedmax getcharskill_traininglevel getcharskill_base getcharskill_buffed getplayerlandcell getplayercoordinates wobjectgetplayer getisspellknown getcancastspell_hunt getcancastspell_buff actiontryequipanywand actiontrycastbyid actiontrycastbyidontarget wobjectfindininventorybytemplatetype wobjectfindininventorybyname wobjectfindininventorybynamerx getplayerlandcell getplayercoordinates coordinategetns coordinategetwe coordinategetz coordinatetostring coordinateparse coordinatedistancewithz coordinatedistanceflat wobjectgetphysicscoordinates wobjectgetphysicscoordinates wobjectgetname wobjectgetobjectclass wobjectgettemplatetype wobjectgetisdooropen wobjectfindnearestmonster wobjectfindnearestdoor wobjectfindnearestbyobjectclass wobjectfindininventorybytemplatetype wobjectfindininventorybyname wobjectfindininventorybynamerx wobjectgetselection wobjectgetplayer wobjectfindnearestbynameandobjectclass getobjectinternaltype actiontryselect actiontryuseitem actiontryapplyitem actiontrygiveitem actiontryequipanywand actiontrycastbyid actiontrycastbyidontarget chatbox chatboxpaste statushud statushudcolored uicontrol uigetcontrol uisetlabel isfalse istrue iif randint cstr cstrf cnumber floor ceiling round abs getcharintprop getchardoubleprop getcharquadprop getcharboolprop coordinategetns coordinategetwe coordinategetz cstr strlen cstrf cnumber coordinatetostring coordinateparse wobjectgetname stopwatchcreate stopwatchstart stopwatchstop stopwatchelapsedseconds getobjectinternaltype getworldname getitemcountininventorybyname getheading getitemcountininventorybynamerx getheadingto actiontrygiveprofile vitae getfellowshipstatus getfellowshipname getfellowshipisopen getfellowshipisleader getfellowshipleaderid getfellowshipcanrecruit getfellowid getfellowshipcount getfellowshiplocked getfellowname getfellowshipisfull sin cos tan sqrt asin acos atan atan2 sinh cosh tanh vtsetmetastate getregexmatch echo chr ord wobjectgetid wobjectgethealth wobjectfindbyid wobjectgetintprop wobjectfindnearestbytemplatetype wobjectgetopencontainer testquestflag getquestktprogress isrefreshingquests getquestktrequired getqueststatus getisday getgamehour getgamehourname getisnight getgameday getgameticks getminutesuntilday getgamemonth getgamemonthname getminutesuntilnight getgameyear uisetvisible uiviewvisible uiviewexists getgvar touchgvar getpvar touchpvar setgvar cleargvar setpvar clearpvar testgvar clearallgvars testpvar clearallpvars dictgetitem dictcreate dicthaskey dictadditem dictkeys dictremovekey dictvalues dictclear dictsize dictcopy listgetitem listpop listcreate listcontains listremove listadd listindexof listremoveat listinsert listlastindexof listclear listcopy listcount listreverse</Keywords>
            <Keywords name="Keywords4">STATE:&#x000D;&#x000A;TIP: KEY: WARNING:&#x000D;&#x000A;prt</Keywords>
            <Keywords name="Keywords5">IF:</Keywords>
            <Keywords name="Keywords6">DO:</Keywords>
            <Keywords name="Keywords7">NAV: flw rcl pau cht vnd ptl tlk chk jmp VIEW: &#x000D;&#x000A;NOTE:</Keywords>
            <Keywords name="Keywords8">circular linear follow once pnt hmargin vmargin auto minwidth widthPerChar heightPerLine top left width height title name text setstate actionexp control type view</Keywords>
            <Keywords name="Delimiters">00` 01 02` 03&quot; 04 05&quot; 06 07 08 09 10 11 12 13 14 15 16 17 18 19 20 21 22 23</Keywords>
        </KeywordLists>
        <Styles>
            <WordsStyle name="DEFAULT" fgColor="E21D1D" bgColor="000000" fontName="yes" fontStyle="0" nesting="0" />
            <WordsStyle name="COMMENTS" fgColor="000000" bgColor="E0E0E0" fontName="963" fontStyle="0" nesting="0" />
            <WordsStyle name="LINE COMMENTS" fgColor="808080" bgColor="202020" fontName="&#xDFF0;&#xE1B6;&#x01D2;" fontStyle="0" nesting="0" />
            <WordsStyle name="NUMBERS" fgColor="EA20EA" bgColor="000000" fontName="no" fontStyle="0" nesting="0" />
            <WordsStyle name="KEYWORDS1" fgColor="0090FF" bgColor="000000" fontName="&#xBF70;&#xE184;&#x01D2;" fontStyle="1" nesting="0" />
            <WordsStyle name="KEYWORDS2" fgColor="009500" bgColor="000000" fontName="&#xE350;&#xE1B6;&#x01D2;" fontStyle="1" nesting="0" />
            <WordsStyle name="KEYWORDS3" fgColor="6A6A6A" bgColor="000000" fontName="&#x7375;&#x7265;&#x6544;&#x6966;&#x656E;&#x6E2E;&#x7365;&#x6974;&#x676E;&#x322E;1&#x3A4F;)" fontStyle="1" nesting="0" />
            <WordsStyle name="KEYWORDS4" fgColor="D5D500" bgColor="5C5C00" fontName="&#xAC70;&#xE19D;&#x01D2;" fontStyle="1" nesting="0" />
            <WordsStyle name="KEYWORDS5" fgColor="48BBFF" bgColor="004066" fontName="no" fontStyle="1" nesting="0" />
            <WordsStyle name="KEYWORDS6" fgColor="20C820" bgColor="0D4F0D" fontName="0" fontStyle="1" nesting="0" />
            <WordsStyle name="KEYWORDS7" fgColor="EE7DEE" bgColor="5B005B" fontName="yes" fontStyle="1" nesting="0" />
            <WordsStyle name="KEYWORDS8" fgColor="982398" bgColor="2B002B" fontName="no" fontStyle="0" nesting="0" />
            <WordsStyle name="OPERATORS" fgColor="6A6A6A" bgColor="5B005B" fontName="yes" fontStyle="1" nesting="0" />
            <WordsStyle name="FOLDER IN CODE1" fgColor="000000" bgColor="FFFFFF" fontName="0" fontStyle="0" nesting="0" />
            <WordsStyle name="FOLDER IN CODE2" fgColor="000000" bgColor="FFFFFF" fontStyle="0" nesting="0" />
            <WordsStyle name="FOLDER IN COMMENT" fgColor="000000" bgColor="FFFFFF" fontName="no" fontStyle="0" nesting="0" />
            <WordsStyle name="DELIMITERS1" fgColor="BF7300" bgColor="000000" fontStyle="0" nesting="261120" />
            <WordsStyle name="DELIMITERS2" fgColor="000000" bgColor="FFFFFF" fontName="0" fontStyle="0" nesting="0" />
            <WordsStyle name="DELIMITERS3" fgColor="000000" bgColor="FFFFFF" fontStyle="0" nesting="0" />
            <WordsStyle name="DELIMITERS4" fgColor="000000" bgColor="FFFFFF" fontName="no" fontStyle="0" nesting="0" />
            <WordsStyle name="DELIMITERS5" fgColor="000000" bgColor="FFFFFF" fontName="no" fontStyle="0" nesting="0" />
            <WordsStyle name="DELIMITERS6" fgColor="000000" bgColor="FFFFFF" fontName="no" fontStyle="0" nesting="0" />
            <WordsStyle name="DELIMITERS7" fgColor="000000" bgColor="FFFFFF" fontName="&#xF0A0;&#xE1B6;&#x01D2;" fontStyle="0" nesting="0" />
            <WordsStyle name="DELIMITERS8" fgColor="000000" bgColor="FFFFFF" fontName="no" fontStyle="0" nesting="0" />
        </Styles>
    </UserLang>
</NotepadPlus>
