<NotepadPlus>
    <UserLang name="metaf" ext="af" udlVersion="2.1">
        <Settings>
            <Global caseIgnored="no" allowFoldOfComments="no" foldCompact="no" forcePureLC="0" decimalSeparator="0" />
            <Prefix Keywords1="no" Keywords2="no" Keywords3="no" Keywords4="no" Keywords5="no" Keywords6="no" Keywords7="no" Keywords8="no" />
        </Settings>
        <KeywordLists>
            <Keywords name="Comments">00~~ 01 02 03 04</Keywords>
            <Keywords name="Numbers, prefix1"></Keywords>
            <Keywords name="Numbers, prefix2"></Keywords>
            <Keywords name="Numbers, extras1"></Keywords>
            <Keywords name="Numbers, extras2"></Keywords>
            <Keywords name="Numbers, suffix1"></Keywords>
            <Keywords name="Numbers, suffix2"></Keywords>
            <Keywords name="Numbers, range"></Keywords>
            <Keywords name="Operators1">!= == &gt;= &lt;= &amp;&amp; || \ ( ) % / * + - # &gt; &lt; ^ | . $ , [ ] { } ;</Keywords>
            <Keywords name="Operators2"></Keywords>
            <Keywords name="Folders in code1, open"></Keywords>
            <Keywords name="Folders in code1, middle"></Keywords>
            <Keywords name="Folders in code1, close"></Keywords>
            <Keywords name="Folders in code2, open"></Keywords>
            <Keywords name="Folders in code2, middle"></Keywords>
            <Keywords name="Folders in code2, close"></Keywords>
            <Keywords name="Folders in comment, open">{</Keywords>
            <Keywords name="Folders in comment, middle"></Keywords>
            <Keywords name="Folders in comment, close">}</Keywords>
            <Keywords name="Keywords1">Never Always All Any ChatMatch MainSlotsLE SecsInStateGE NavEmpty Death VendorOpen VendorClosed ItemCountLE ItemCountGE MobsInDist_Name MobsInDist_Priority NeedToBuff NoMobsInDist BlockE CellE IntoPortal ExitPortal Not PSecsInStateGE SecsOnSpellGE BuPercentGE DistToRteGE Expr ChatCapture</Keywords>
            <Keywords name="Keywords2">None SetState Chat DoAll EmbedNav CallState Return DoExpr ChatExpr SetWatchdog ClearWatchdog GetOpt SetOpt CreateView DestroyView DestroyAllViews</Keywords>
            <Keywords name="Keywords3">testvar getvar setvar touchvar clearallvars clearvar getcharintprop getchardoubleprop getcharquadprop getcharboolprop getcharstringprop getcharvital_base getcharvital_current getcharvital_buffedmax getcharskill_traininglevel getcharskill_base getcharskill_buffed getplayerlandcell getplayercoordinates wobjectgetplayer getisspellknown getcancastspell_hunt getcancastspell_buff actiontryequipanywand actiontrycastbyid actiontrycastbyidontarget wobjectfindininventorybytemplatetype wobjectfindininventorybyname wobjectfindininventorybynamerx getplayerlandcell getplayercoordinates coordinategetns coordinategetwe coordinategetz coordinatetostring coordinateparse coordinatedistancewithz coordinatedistanceflat wobjectgetphysicscoordinates wobjectgetphysicscoordinates wobjectgetname wobjectgetobjectclass wobjectgettemplatetype wobjectgetisdooropen wobjectfindnearestmonster wobjectfindnearestdoor wobjectfindnearestbyobjectclass wobjectfindininventorybytemplatetype wobjectfindininventorybyname wobjectfindininventorybynamerx wobjectgetselection wobjectgetplayer wobjectfindnearestbynameandobjectclass getobjectinternaltype actiontryselect actiontryuseitem actiontryapplyitem actiontrygiveitem actiontryequipanywand actiontrycastbyid actiontrycastbyidontarget chatbox chatboxpaste statushud statushudcolored uicontrol uigetcontrol uisetlable isfalse istrue iif randint cstr cstrf cnumber floor ceiling round abs getcharintprop getchardoubleprop getcharquadprop getcharboolprop coordinategetns coordinategetwe coordinategetz cstr strlen cstrf cnumber coordinatetostring coordinateparse wobjectgetname stopwatchcreate stopwatchstart stopwatchstop stopwatchelapsedseconds getobjectinternaltype</Keywords>
            <Keywords name="Keywords4">STATE:&#x000D;&#x000A;TIP: KEY:</Keywords>
            <Keywords name="Keywords5">IF:</Keywords>
            <Keywords name="Keywords6">DO:</Keywords>
            <Keywords name="Keywords7">NAV: flw prt rcl pau cht vnd ptl tlk chk jmp&#x000D;&#x000A;NOTE:</Keywords>
            <Keywords name="Keywords8">circular linear follow once pnt</Keywords>
            <Keywords name="Delimiters">00` 01 02` 03 04 05 06 07 08 09 10 11 12 13 14 15 16 17 18 19 20 21 22 23</Keywords>
        </KeywordLists>
        <Styles>
            <WordsStyle name="DEFAULT" fgColor="A00000" bgColor="FFFFFF" fontName="C:\Users\JJEII\AppData\Roaming\Notepad++\backup\new 12@2020-08-19_144827" fontStyle="0" nesting="0" />
            <WordsStyle name="COMMENTS" fgColor="000000" bgColor="E0E0E0" fontName="II\source\repos\metaf\bin\Debug\netcoreapp3.1\Commands_out.met.af" fontStyle="0" nesting="0" />
            <WordsStyle name="LINE COMMENTS" fgColor="808080" bgColor="E6E6E6" fontName="NewDocDefaultSettings" fontStyle="0" nesting="0" />
            <WordsStyle name="NUMBERS" fgColor="FF80FF" bgColor="FFFFFF" fontName="GUIConfig" fontStyle="1" nesting="0" />
            <WordsStyle name="KEYWORDS1" fgColor="0090FF" bgColor="FFFFFF" fontName="" fontStyle="1" nesting="0" />
            <WordsStyle name="KEYWORDS2" fgColor="009500" bgColor="FFFFFF" fontName="" fontStyle="1" nesting="0" />
            <WordsStyle name="KEYWORDS3" fgColor="000000" bgColor="FFFFFF" fontName="" fontStyle="1" nesting="0" />
            <WordsStyle name="KEYWORDS4" fgColor="000000" bgColor="FFFF80" fontName="" fontStyle="1" nesting="0" />
            <WordsStyle name="KEYWORDS5" fgColor="000000" bgColor="BEE6FF" fontName="" fontStyle="1" nesting="0" />
            <WordsStyle name="KEYWORDS6" fgColor="000000" bgColor="A0F0A0" fontName="" fontStyle="1" nesting="0" />
            <WordsStyle name="KEYWORDS7" fgColor="BF00BF" bgColor="FFD7FF" fontName="indentGuideLine" fontStyle="1" nesting="0" />
            <WordsStyle name="KEYWORDS8" fgColor="E592E5" bgColor="FFF6FF" fontName="" fontStyle="0" nesting="0" />
            <WordsStyle name="OPERATORS" fgColor="000000" bgColor="FFFFFF" fontName="" fontStyle="1" nesting="0" />
            <WordsStyle name="FOLDER IN CODE1" fgColor="000000" bgColor="FFFFFF" fontName="&#x4490;&#xA01C;&#x0290;" fontStyle="0" nesting="0" />
            <WordsStyle name="FOLDER IN CODE2" fgColor="000000" bgColor="FFFFFF" fontName="" fontStyle="0" nesting="0" />
            <WordsStyle name="FOLDER IN COMMENT" fgColor="000000" bgColor="FFFFFF" fontName="" fontStyle="0" nesting="0" />
            <WordsStyle name="DELIMITERS1" fgColor="BF7300" bgColor="FFFFFF" fontName="&#x48D0;&#xA01C;&#x0290;" fontStyle="0" nesting="0" />
            <WordsStyle name="DELIMITERS2" fgColor="000000" bgColor="FFFFFF" fontName="" fontStyle="0" nesting="0" />
            <WordsStyle name="DELIMITERS3" fgColor="000000" bgColor="FFFFFF" fontName="nbMaxFindHistoryPath" fontStyle="0" nesting="0" />
            <WordsStyle name="DELIMITERS4" fgColor="000000" bgColor="FFFFFF" fontName="" fontStyle="0" nesting="0" />
            <WordsStyle name="DELIMITERS5" fgColor="000000" bgColor="FFFFFF" fontName="&#x0EC0;&#xA01B;&#x0290;" fontStyle="0" nesting="0" />
            <WordsStyle name="DELIMITERS6" fgColor="000000" bgColor="FFFFFF" fontName="25" fontStyle="0" nesting="0" />
            <WordsStyle name="DELIMITERS7" fgColor="000000" bgColor="FFFFFF" fontName="TabBar" fontStyle="0" nesting="0" />
            <WordsStyle name="DELIMITERS8" fgColor="000000" bgColor="FFFFFF" fontName="&#x12B0;&#xA01B;&#x0290;" fontStyle="0" nesting="0" />
        </Styles>
    </UserLang>
</NotepadPlus>
